smiles,pce
Cc1nc2c3ccsc3c3sc(-c4ccc(-c5cnc(C6=S=CC=C6)c6nsnc65)s4)cc3c2nc1C,5.57
CSc1ccc(-c2ccc(-c3csc(-c4cc(-c5ccc(-c6ccc(SC)s6)s5)sc4-c4sc(-c5ccc(-c6ccc(SC)s6)s5)cc4-c4ccc(-c5ccc(-c6ccc(SC)s6)s5)s4)c3)s2)s1,0.2
COc1c2ccsc2c(OC)c2cc(-c3scc4sc(C(C)=O)c(F)c43)sc21,7.7
COc1c2ccsc2c(OC)c2cc(-c3sc(-c4sc(-c5cc(C)cs5)c5c4C(=O)N(C)C5=O)cc3C)sc21,3.1
CC1(C)c2ccccc2-c2ccc(-c3ccc(C4=C(c5ccccc5)C(c5ccccc5)=C(c5cccs5)[Si]4(C)C)s3)cc21,2.01
COC(=O)C(C#N)=Cc1cc(C)c(-c2cc(C)c(-c3cc(C)c(-c4ccc(-c5sc(-c6sc(-c7sc(C=C(C#N)C(=O)OC)cc7C)cc6C)cc5C)s4)s3)s2)s1,5.08
COc1c2ccsc2c(OC)c2cc(-c3ccc(-c4c5nonc5c(-c5cccs5)c(OC)c4OC)s3)sc21,5.7
COc1c(OC)c(-c2ccc(-c3ccc4c(c3)C(C)(C)c3ccccc3-4)s2)c2nsnc2c1-c1cccs1,3.1
Cc1ccc(-c2nc3c(nc2-c2ccc(C)cc2)c(-c2ccc(-c4ccc5c(c4)C(C)(C)c4ccccc4-5)s2)sc3-c2cccs2)cc1,1.45
COc1ccc(C#Cc2c3ccccc3c(C#Cc3ccc(OC)c(OC)c3)c3ccccc23)cc1OC,1.27
Cc1ccc(-c2ccc(-c3ncc(-c4cc5c(s4)-c4sc(-c6cnc(-c7ccc(-c8ccc(C)s8)s7)c7nsnc76)cc4[Si]5(C)C)c4nsnc43)s2)s1,3.2
Cc1ccc(-n2c(-c3ccsc3)nc3c2c2ccc(C)cc2c2cc(C)ccc32)cc1,4.1
CN1C(=O)C2=C(c3ccc(-c4cccs4)o3)N(C)C(=O)C2=C1c1ccco1,5.0
Cn1c2ccccc2c2ccc(-c3ccc(C4=C5C(=O)N(C)C(c6cccs6)=C5C(=O)N4C)s3)cc21,3.8
C=Cc1ccc2c3ccc(C=Cc4ccc(-c5ccc(C6=C(C)C(C)=C(c7ccc(-c8cccs8)s7)S6(=O)=O)s5)s4)cc3n(-c3ccc(OC)cc3)c2c1,0.8
Cc1nc(-c2nc(C)c(-c3ccc(C4=S=C5c6cc7c(cc6C(C)(C)C5=C4)-c4sccc4C7(C)C)s3)s2)sc1-c1cccs1,2.77
COc1c2ccsc2c(OC)c2c1=S=C(c1cc(C)c(-c3sc(-c4nc(C)c(-c5sccc5C)s4)nc3C)s1)C=2,0.09
Cc1ccsc1-c1sc(-c2sc(C3=S=C(c4sccc4C)C=C3C)cc2C)c2nc3c4ccccc4c4ccccc4c3nc21,0.14
CSc1ccc(-c2ccc(-c3ccc([Si](c4ccc(-c5ccc(-c6ccc(SC)s6)s5)s4)(c4ccc(-c5ccc(-c6ccc(SC)s6)s5)s4)c4ccc(-c5ccc(-c6ccc(SC)s6)s5)s4)s3)s2)s1,0.3
CN1C(=O)c2csc(-c3cc4c(s3)-c3sccc3[Si]4(C)C)c2C1=O,7.3
CC1=CC(c2cc(C)c(-c3ccc(-c4sc(-c5nc(C)c(-c6cccs6)s5)nc4C)s3)s2)=S=C1,2.58
Cc1ccsc1-c1nc2sc(-c3sc(-c4cc(C)c(-c5nc6sc(-c7sccc7C)nc6s5)s4)cc3C)nc2s1,5.7
Cc1cc2c3cc(C)sc3c3nc4c(-c5ccc(-c6ccc7c8ccccc8n(C)c7c6)s5)ccc(-c5cccs5)c4nc3c2s1,3.0
COc1c2ccsc2c(OC)c2c1=S=C(c1cc(C)c(-c3ccc(-c4sc(-c5nc(C)c(-c6ccc(-c7sccc7C)s6)s5)nc4C)s3)s1)C=2,4.46
COc1ccc(-c2nc3c(-c4cccs4)ccc(-c4ccc(-c5ccc6c(c5)C(C)(C)c5ccccc5-6)s4)c3nc2-c2ccc(OC)cc2)cc1,2.7
Cc1cc(C=C2C(=O)c3ccccc3C2=O)sc1-c1cc(C)c(-c2ccc(-c3sc(C4=S=C(C=C5C(=O)c6ccccc6C5=O)C=C4C)cc3C)s2)s1,4.0
Cn1c2ccsc2c2sc(-c3ccc(C4=C5C(=O)N(C)C(c6cccs6)=C5C(=O)N4C)s3)cc21,2.7
COC(=O)c1cc2csc(-c3ccc(-c4ccc(-c5sc(-c6ccc(-c7sccc7C)s6)cc5C)s4)s3)c2s1,1.4
Cc1cc(C=C2C(=O)c3ccccc3C2=O)sc1-c1cc(C)c(-c2cc(C)c(-c3ccc(-c4sc(-c5sc(C6=S=C(C=C7C(=O)c8ccccc8C7=O)C=C6C)cc5C)cc4C)s3)s2)s1,4.93
Cc1cc(-c2c3cc(-c4cccs4)sc3c(-c3cc(C)c(C)s3)c3cc(-c4ccc(-c5ccc6c(c5F)N(C)C(=O)C6=C5c6cccc(F)c6N(C)C5=O)s4)sc32)sc1C,5.7
Cc1cc(-c2c3ccsc3c(-c3cc(C)c(C)s3)c3cc(-c4ccc5c(c4)N(C)C(=O)C5=C4c5ccccc5N(C)C4=O)sc32)sc1C,3.94
COc1cccc(-c2nc3c(-c4cccs4)ccc(-c4ccc(-c5cc6c(s5)c(OC)c5ccsc5c6OC)s4)c3nc2-c2cccc(OC)c2)c1,3.06
COc1c2ccsc2c(OC)c2cc(-c3scc4sc(C(C)=O)cc43)sc21,6.6
COc1cccc(C2N=c3c(-c4cccs4)ccc(-c4ccc(-c5ccc6c(c5)C(C)(C)c5ccccc5-6)s4)c3=NC2c2cccc(OC)c2)c1,3.7
CC1(C)c2ccccc2-c2ccc(-c3cc4c5cccc6c7cccc8c9cc(-c%10ccc%11c(c%10)C(C)(C)c%10ccccc%10-%11)cc%10c%11cccc%12c%13cccc%14c(c3)c4c3c(c65)c(c78)c(c9%10)c(c%12%11)c3c%13%14)cc21,1.46
CC1(C)c2ccccc2-c2ccc(-c3ccc(-c4ccc(-c5cccs5)c5nsnc54)s3)cc21,4.5
COC(=O)c1cc2c(-c3cccs3)sc(-c3ccc(-c4cc5c(s4)c(-c4ccc(C)s4)c4ccsc4c5-c4ccc(C)s4)s3)c2s1,4.5
CC(=O)c1cc2c(csc2-c2cc3c(s2)c2sccc2c(C)c3C)s1,5.21
COc1c(OC)c(-c2ccc(-c3ccc(-c4ccc5c6ccccc6n(C)c5c4)s3)s2)c2nsnc2c1-c1ccc(-c2cccs2)s1,4.12
Cc1ccsc1-c1sc(-c2sc(-c3ccc4c(c3)C(C)(C)c3ccccc3-4)cc2C)c2nc3c4ccccc4c4ccccc4c3nc21,0.57
Cc1ccc(-c2ccc(-c3cc(F)c(-c4cc5c(s4)-c4sc(-c6c7nsnc7c(-c7ccc(-c8ccc(C)s8)s7)cc6F)cc4[Si]5(C)C)c4nsnc43)s2)s1,7.0
C[Si]1(C)c2ccsc2-c2sc(-c3cccc4nonc43)cc21,5.4
Cc1nc2c(nc1C)c(-c1ccc(-c3ccc4c5ccccc5n(C)c4c3)s1)sc2-c1cccs1,1.0
Cc1cc2c3cc(C)sc3c3nc4c(cccc4-c4ccc(-c5ccc6c(c5)C(C)(C)c5cc(-c7cccs7)ccc5-6)s4)nc3c2s1,2.1
CC1(C)c2ccccc2-c2cc3c(cc21)-c1ccc(-c2ccc(-c4ccc(-c5cccs5)c5c4=NC(c4ccccc4)C(c4ccccc4)N=5)s2)cc1C3(C)C,3.04
Cc1cc(-c2cc(C)c(C3=S=CC=C3)s2)sc1-c1ccc(-c2cccc3nsnc32)s1,6.26
COc1c2ccsc2c(OC)c2cc(-c3scc4cc(C(C)=O)sc43)sc21,6.6
C#Cc1sc(C#Cc2scc3nc(-c4ccccc4)c(-c4ccccc4)nc23)c(C)c1C,2.37
COc1ccc(C#Cc2ccc(C#Cc3ccc(-c4ccc(-c5ccc(C#Cc6ccc(C#Cc7ccc(OC)c(OC)c7)cc6)s5)c5nsnc54)s3)cc2)cc1OC,0.14
COC(=O)c1sc2csc(-c3cc4c(s3)c(OC)c3ccsc3c4OC)c2c1F,7.2
Cc1csc(-c2nnc(-c3cc(C)c(-c4cc5c(s4)-c4sccc4[Si]5(C)C)s3)nn2)c1,4.2
Cc1ccc(-c2c3ccsc3c(-c3ccc(C)s3)c3cc(-c4scc5cc(S(C)(=O)=O)sc54)sc32)s1,5.93
CN1C(=O)C2=C(c3ccc(C#Cc4cc5ccccc5c5ccccc45)s3)N(C)C(=O)C2=C1c1ccc(C#Cc2cc3ccccc3c3ccccc23)s1,1.72
Cc1ccc(-c2c3cc(-c4ccc(-c5sc(-c6cccs6)c6cc(S(C)(=O)=O)sc65)s4)sc3c(-c3ccc(C)s3)c3ccsc32)s1,7.81
COC(=O)c1cc2csc(-c3cc4c(s3)c(-c3ccc(C)s3)c3ccsc3c4-c3ccc(C)s3)c2s1,6.21
Cc1ccc(-c2ccc(-c3cnc(-c4cc5c(s4)-c4sc(-c6ncc(-c7ccc(-c8ccc(C)s8)s7)c7nsnc76)cc4[Si]5(C)C)c4nsnc43)s2)s1,6.7
Cc1csc(-c2c3nsnc3c(-c3cc(C)c(-c4cc5c(s4)c(C)c4ccsc4c5C)s3)c(F)c2F)c1,7.2
Cc1ccsc1-c1sc(-c2sc(-c3ccc4c(c3)C(C)(C)c3ccccc3-4)cc2C)c2nc3c(nc21)-c1cccc2cccc-3c12,0.72
C=Cc1cc(OC)c(C=Cc2cc(C=C(C#N)c3ccc([N+](=O)[O-])cc3)ccc2C=C(C#N)c2ccc([N+](=O)[O-])cc2)cc1OC,3.35
COc1ccc(C=Cc2ccc(C=Cc3cc(C)c(C=Cc4ccc(C=Cc5cc(C)c(C=Cc6ccc(C=Cc7cc(C)c(C=O)cc7C)s6)cc5C)s4)cc3C)s2)cc1,0.47
COc1c2cc(-c3cc4c(s3)-c3sc(-c5nc6sc(-c7cc8c(s7)-c7sccc7[Si]8(C)C)nc6s5)cc3[Si]4(C)C)sc2c(OC)c2ccsc21,5.3
Cn1c2ccccc2c2ccc(-c3ccc(-c4ccc(-c5cccs5)c5nccnc45)s3)cc21,0.48
COC(=O)c1cc2csc(-c3cc4c(s3)c(OC)c3ccsc3c4OC)c2s1,5.6
Cc1cc(C)c(-c2c3cc(-c4ccc(-c5ccc(-c6cccs6)c6nsnc65)s4)sc3c(-c3sc(C)cc3C)c3ccsc32)s1,5.66
COC(=O)c1cc2c(-c3cccs3)sc(-c3ccc(-c4cc5c(s4)c(-c4cc(F)c(C)s4)c4ccsc4c5-c4cc(F)c(C)s4)s3)c2s1,7.2
C(=Cc1ccc(C=Cc2ccc(N(c3ccccc3)c3ccccc3)cc2)c2nsnc21)c1ccc(N(c2ccccc2)c2ccccc2)cc1,0.35
Cc1ccc(-c2c3cc(-c4ccc(C5=C6C(=O)N(C)C(c7cccs7)=C6C(=O)N5C)s4)sc3c(-c3ccc(C)cc3)c3ccsc32)cc1,6.2
COc1ccc(-c2nc3c(nc2-c2ccc(OC)cc2)c(-c2ccc(-c4ccc5c(c4)C(C)(C)c4ccccc4-5)s2)sc3-c2cccs2)cc1,2.2
COc1c2ccsc2c(OC)c2cc(-c3cc(C)c(-c4sc(-c5sccc5C)c5c4C(=O)N(C)C5=O)s3)sc21,3.9
Cc1ccc(C2(c3ccc(C)cc3)c3ccsc3-c3cc4c(cc32)-c2sc(-c3ccc(-c5ccc(-c6cccs6)c6nsnc65)s3)cc2C4(c2ccc(C)cc2)c2ccc(C)cc2)cc1,4.28
CN1C(=O)C2=C(c3cc4sc(-c5cccs5)cc4s3)N(C)C(=O)C2=C1c1cc2sccc2s1,5.4
Cc1cc[se]c1,2.7
COc1c2ccsc2c(OC)c2c1=S=C(c1sc(-c3sc(-c4nc(C)c(-c5cc(C)cs5)s4)nc3C)cc1C)C=2,2.54
Cc1nc(-c2nc(C)c(-c3ccc(-c4ccc(N(c5ccccc5)c5ccccc5)cc4)s3)s2)sc1-c1ccc(-c2ccc(N(c3ccccc3)c3ccccc3)cc2)s1,1.27
COc1c2ccsc2c(OC)c2cc(-c3sc(-c4scc5c4C4C=CC5CC4(C)C)c4c3C3C=CC4C(C)(C)C3)sc21,0.008
COc1c2cc(-c3ccc(C4=C5C(=O)N(C)C(c6cccs6)=C5C(=O)N4C)s3)sc2c(OC)c2ccsc21,2.83
Cc1csc(-c2ccc(C3=C4C(=O)N(C)C(c5ccc(-c6cc(C)cs6)s5)=C4C(=O)N3C)s2)c1,4.0
CC1(C)c2ccccc2-c2cc3c(cc21)-c1ccc(-c2ccc(-c4ccc(-c5cccs5)c5nsnc54)s2)cc1C3(C)C,2.44
Cn1c2ccccc2c2ccc(-c3ccc(-c4ccc(-c5cccs5)c5nsnc54)s3)cc21,4.88
Cc1ccc(-c2nc3cccc(-c4ccc(-c5ccc6c(c5)C(C)(C)c5cc(-c7cccs7)ccc5-6)s4)c3nc2-c2ccc(C)s2)s1,4.4
Cn1c2cc(C=C(C#N)C#N)sc2c2sc(C=C(C#N)C#N)cc21,0.24
C=Cc1sccc1C(=O)OC,2.01
Cc1csc(-c2ccc(-c3cc(C)c(-c4cc5c(s4)c(-c4cc(C)c(C)s4)c4ccsc4c5-c4cc(C)c(C)s4)s3)c3nsnc32)c1,2.11
Cc1ccc(-c2nc3c(-c4cccs4)ccc(-c4ccc(-c5ccc6c7ccccc7n(C)c6c5)s4)c3nc2-c2ccc(C)s2)s1,3.5
C=Cc1cc(OC)c(C=Cc2ccc(N(c3ccccc3)c3ccc(C=C(C#N)c4ccc([N+](=O)[O-])cc4)cc3)cc2)cc1OC,4.06
O=C1c2ccccc2C(=O)C1=Cc1ccc(-c2ccc(N(c3ccc(-c4ccc(C=Cc5cccs5)s4)cc3)c3ccc(-c4ccc(C=Cc5cccs5)s4)cc3)cc2)s1,0.81
C[Si]1(C)c2ccsc2-c2sc(-c3cccc4nsnc43)cc21,5.9
COC(=O)c1cc2csc(-c3ccc(-c4ccc(-c5sccc5C)s4)s3)c2s1,1.3
C=Cc1ccc2c3ccc(C=Cc4cccs4)cc3n(-c3ccc(OC)cc3)c2c1,0.4
COc1cccc2c1ccc(-c1ccc(-c3ccc(-c4cccs4)c4nsnc43)s1)c2OC,4.15
COc1csc2c1C(C)(C)c1cc(-c3scc4c3C(=O)N(C)C4=O)sc1-2,3.0
Cc1c2ccsc2c(C)c2cc(-c3ccc(-c4cnc(-c5cccs5)c5nsnc54)s3)sc21,6.32
Cc1nc(-c2nc(C)c(-c3ccc(-c4cc5c(s4)-c4sccc4[Si]5(C)C)s3)s2)sc1-c1cccs1,2.86
Cc1ccc(C2(c3ccc(C)cc3)c3ccsc3-c3cc4c(cc32)-c2sc(-c3ccc(-c5ccc(-c6ccc(-c7ccc(-c8cccs8)s7)c7nsnc76)s5)s3)cc2C4(c2ccc(C)cc2)c2ccc(C)cc2)cc1,3.87
COc1c2sccc2c2cc(-c3cc(C)c(-c4nc5sc(-c6sccc6C)nc5s4)s3)sc2c1OC,3.4
CN1C(=O)C2=C(c3ccc(-c4cc5ccccc5o4)s3)N(C)C(=O)C2=C1c1ccc(-c2cc3ccccc3o2)s1,4.4
COc1ccsc1-c1sc(-c2scc3c2C(=O)N(C)C3=O)cc1OC,1.4
COc1ccsc1-c1ccc(-c2sc(-c3ccc4c(c3)C(C)(C)c3ccccc3-4)cc2OC)c2nsnc21,1.6
Cc1ccsc1-c1ccc(-c2sc(-c3ccc4c(c3)N(C)C(=O)C4=C3c4ccccc4N(C)C3=O)cc2C)s1,6.3
COC(=O)C(C#N)=Cc1cc(C)c(-c2cc(C)c(-c3ccc(-c4sc(-c5sc(C=C(C#N)C(=O)OC)cc5C)cc4C)s3)s2)s1,3.27
Cn1c2ccccc2c2ccc(-c3ccc(-c4cnc(-c5cccs5)c5nonc54)s3)cc21,0.8
Cc1cc(-c2ccc(N(c3ccccc3)c3ccccc3)cc2)sc1-c1cnc(-c2ncc(-c3sc(-c4ccc(N(c5ccccc5)c5ccccc5)cc4)cc3C)s2)s1,1.3
COc1ccc(-c2nc3c(-c4scc5c4OCCO5)ccc(-c4sc(-c5ccc6c(c5)C(C)(C)c5ccccc5-6)c5c4OCCO5)c3nc2-c2ccc(OC)cc2)cc1,1.1
Cn1c2ccccc2c2ccc(-c3ccc(-c4ccc(C5=C(c6ccccc6)C(c6ccccc6)=C(c6ccc(-c7cccs7)s6)[Si]5(C)C)s4)s3)cc21,1.51
Cc1ccsc1C1=NC2SC(c3sc(-c4cc5c(s4)-c4sccc4[Si]5(C)C)cc3C)=NC2S1,5.59
Cc1ccc(-c2c3ccsc3c(-c3ccc(C)s3)c3cc(-c4ccc(C5=C6C(=O)N(C)C(c7cccs7)=C6C(=O)N5C)s4)sc32)s1,6.6
CC1(C)c2ccsc2-c2sc(-c3c4nsnc4cc(F)c3F)cc21,5.6
CN1C(=O)C2=C(c3ccc(-c4ccccc4)s3)N(C)C(=O)C2=C1c1cccs1,5.5
C#Cc1cc2c(s1)c1sc(C#Cc3scc4nc(-c5ccccc5)c(-c5ccccc5)nc34)cc1n2C,1.74
C#Cc1cc2c(s1)c1sc(C#Cc3cccc4nsnc43)cc1n2C,1.4
Cc1cc2c3ccsc3c3sc(-c4ccc(-c5cnc(-c6cccs6)c6nsnc65)s4)cc3c2cc1C,6.2
C(=Cc1cccc2nsnc21)c1ccc(N(c2ccc(C=Cc3cccc4nsnc43)cc2)c2ccc(C=Cc3cccc4nsnc43)cc2)cc1,0.61
CC1(C)c2ccsc2-c2sc(-c3cccc4nsnc43)cc21,3.4
C[Si]1(C)c2ccccc2-c2ccc(-c3ccc(-c4ccc(C5=C(c6ccccc6)C(c6ccccc6)=C(c6ccc(-c7cccs7)s6)[Si]5(C)C)s4)s3)cc21,1.33
Cc1cc(-c2ccc(N(c3ccccc3)c3ccccc3)cc2)sc1-c1nc2sc(-c3sc(-c4ccc(N(c5ccccc5)c5ccccc5)cc4)cc3C)nc2s1,3.73
Cn1c2ccccc2c2ccc(-c3ccc(-c4sc(-c5cccs5)c5nc(-c6ccccc6)c(-c6ccccc6)nc54)s3)cc21,0.9
Cn1c2ccc(C=C(C#N)C#N)cc2c2cc(C=C(C#N)C#N)ccc21,0.05
COC(=O)C(C#N)=CC1=S=C(c2cc(C)c(-c3ccc(-c4sc(-c5sc(-c6ccc(-c7cc(C)c(-c8cc(C)c(-c9ccc(-c%10sc(C%11=S=C(C=C(C#N)C(=O)OC)C=C%11C)cc%10C)s9)s8)s7)c7nsnc76)cc5C)cc4C)s3)s2)C(C)=C1,3.07
Cc1c(-c2cccs2)sc2c(C)c(-c3ccc(-c4scc5c4C(=O)N(C)C5=O)s3)sc12,5.1
C#Cc1cc2c(s1)-c1sc(C#Cc3scc4nc(-c5ccccc5)c(-c5ccccc5)nc34)cc1C2(C)C,1.34
CC1(C)c2ccccc2-c2ccc(-c3ccc(-c4ccc(-c5ccc(C6=C(c7ccccc7)C(c7ccccc7)=C(c7ccc(-c8ccc(C9=S=CC=C9)s8)s7)[Si]6(C)C)s5)s4)s3)cc21,1.67
CC1(C)c2ccccc2-c2ccc(-c3ccc(-c4ccc(C5=C(c6ccccc6)C(c6ccccc6)=C(c6ccc(-c7cccs7)s6)[Si]5(C)C)s4)s3)cc21,1.97
Cc1csc(-c2ccc(-c3cc(C)c(-c4cc5c(s4)c(-c4ccc(C)s4)c4ccsc4c5-c4ccc(C)s4)s3)c3nsnc32)c1,2.34
Cc1csc(-c2nc3sc(-c4cc(C)c(-c5cc6c(s5)-c5sccc5[Si]6(C)C)s4)nc3s2)c1,5.88
COc1c2ccsc2c(OC)c2cc(-c3ccc(-c4sc(-c5cccs5)c5c4C(=O)N(C)C5=O)s3)sc21,0.95
COC(=O)C(C#N)=Cc1cc(C)c(-c2ccc(-c3sc(-c4cc5c(s4)c(OC)c4cc(-c6cc(C)c(-c7ccc(-c8sc(C=C(C#N)C(=O)OC)cc8C)s7)s6)sc4c5OC)cc3C)s2)s1,4.56
COc1c2cc(-c3cc4c(s3)-c3sc(C5=NC6SC(c7cc8c(s7)-c7sccc7[Si]8(C)C)=NC6S5)cc3[Si]4(C)C)sc2c(OC)c2ccsc21,5.3
Cc1cc(-c2ccc(-c3cc(C)c(-c4cccs4)s3)c3nsnc32)sc1-c1cccs1,2.6
Cn1c2ccccc2c2ccc(-c3ccc(-c4cnc(-c5cccs5)c5nccnc45)s3)cc21,1.1
Cc1ccc(-c2c3ccsc3c(-c3ccc(C)s3)c3cc(-c4ccc(-c5nc6sc(-c7cccs7)nc6s5)s4)sc32)s1,5.22
COCc1sc2c(csc2-c2cc3c(s2)c(OC)c2ccsc2c3OC)c1F,7.73
CC1(C)c2ccccc2-c2ccc(-c3ccc(-c4ccc(-c5cccs5)c5c4=NC(c4ccccc4)C(c4ccccc4)N=5)s3)cc21,2.06
COc1c2cc(-c3cccs3)sc2c(OC)c2cc(-c3ccc(-c4ccc5c(c4)N(C)C(=O)C5=C4c5ccccc5N(C)C4=O)s3)sc21,4.22
Cc1ccc(-c2c3cc(-c4sc5cc(-c6ccc(-c7csc8c(C)csc78)c7nsnc76)sc5c4C)sc3c(-c3ccc(C)s3)c3ccsc32)s1,6.03
C=Cc1ccc2c3ccc(C=Cc4sc(-c5ccc(-c6ccc(-c7cc(C)cs7)s6)s5)cc4C)cc3n(-c3ccc(OC)cc3)c2c1,0.2
Cc1ccsc1-c1nc2sc(-c3sc(-c4ccc5c6ccccc6n(C)c5c4)cc3C)nc2s1,4.88
COc1cccc(-c2nc3c(-c4cccs4)ccc(-c4ccc(-c5cc6c(s5)c(-c5ccc(C)s5)c5ccsc5c6-c5ccc(C)s5)s4)c3nc2-c2cccc(OC)c2)c1,5.0
Cn1c2ccsc2c2sc(-c3ccc(-c4ccc(-c5cccs5)c5nsnc54)s3)cc21,2.17
CC(=O)c1cc2c(csc2-c2cc3c(s2)c(C)c2ccsc2c3C)s1,4.7
C(=Cc1ccc(N(c2ccccc2)c2ccccc2)cc1)c1ccc(-c2ccc(-c3ccc(C=Cc4ccc(N(c5ccccc5)c5ccccc5)cc4)s3)c3nsnc32)s1,0.26
C=Cc1cc(OC)ccc1OC,3.1
CN1C(=O)C2=C(c3ccc(-c4cc5c(s4)-c4sccc4[Si]5(C)C)s3)N(C)C(=O)C2=C1c1cccs1,2.1
CC1(C)c2ccsc2-c2cc3c(cc21)-c1sc(-c2cccc4nsnc42)cc1C3(C)C,4.46
Cc1csc(C2=NC3SC(c4cc(C)c(-c5cc6c(s5)-c5sccc5[Si]6(C)C)s4)=NC3S2)c1,5.88
C=Cc1ccc2c3ccc(C=Cc4sc(-c5cc(C)cs5)cc4C)cc3n(-c3ccc(OC)cc3)c2c1,0.3
Cc1csc(-c2cc(-c3ccc(C)s3)c(-c3ccc(C4=C5C(=O)N(C)C(c6cccs6)=C5C(=O)N4C)s3)s2)c1,2.4
Cc1ccsc1-c1sc(-c2sc(C3=S=C(c4sccc4C)C(C)=C3)cc2C)c2nc3c(nc21)-c1cccc2cccc-3c12,0.34
Cc1csc(-c2sc(-c3nc4cc5sc(-c6cc(C)c(-c7cc(C)cs7)s6)nc5cc4s3)cc2C)c1,0.61
COC(=O)c1sc2c(csc2-c2cc3c(s2)c(OC)c2ccsc2c3OC)c1F,7.4
Cc1nc(-c2nc(C)c(-c3ccc(C4=S=C5c6sccc6C(C)(C)C5=C4)s3)s2)sc1-c1cccs1,3.04
COc1c2ccsc2c(OC)c2cc(-c3scc4c3C(=O)N(C)C4=O)sc21,5.5
Cc1nc(-c2nc(C)c(-c3ccc(-c4ccc5c(c4)C(C)(C)c4ccccc4-5)s3)s2)sc1-c1cccs1,0.52
COC(=O)c1sc2c(-c3ccc(-c4cc5c(s4)c(-c4ccc(C)s4)c4ccsc4c5-c4ccc(C)s4)s3)sc(-c3cccs3)c2c1F,5.6
COc1ccc(C#Cc2ccc(-c3ccc(-c4ccc(C#Cc5ccc(OC)c(OC)c5)s4)c4nsnc43)s2)cc1OC,0.66
COc1cc2c3ccsc3c3sc(-c4cccc5nsnc54)cc3c2cc1OC,0.62
Cc1csc(-c2ccc(-c3cc(C)c(-c4cc5c(s4)c(-c4ccc(C)cc4)c4ccsc4c5-c4ccc(C)cc4)s3)c3nsnc32)c1,8.07
COc1c2cc(C)sc2c(OC)c2cc(-c3ccc(-c4sc(-c5ccc(C)s5)c5c4C(=O)N(C)C5=O)s3)sc21,0.9
CN1c2ccccc2C(=C2c3ccc(-c4cccs4)cc3N(C)C2=O)C1=O,3.0
COc1cc(OC)cc(-c2nc3c(nc2-c2cc(OC)cc(OC)c2)c(-c2cccs2)sc3-c2cccs2)c1,1.01
Cc1ccsc1-c1ccc(-c2sc(-c3nc(C)c(-c4ccc(C5=S=C(c6cc7c(s6)-c6sccc6[Si]7(C)C)C=C5C)s4)s3)nc2C)s1,3.82
CC1(C)c2ccccc2-c2ccc(-c3ccc(N(c4ccccc4)c4ccc(C=Cc5ccc(C=C(C#N)C#N)s5)cc4)cc3)cc21,4.74
COc1c(OC)c(-c2ccc(-c3cc4c(s3)c(-c3ccc(C)s3)c3ccsc3c4C3=S=C(C)C=C3)s2)c2nsnc2c1-c1cccs1,4.9
Cc1ccsc1-c1nnc(-c2sc(-c3cc4c(s3)-c3sccc3C4(C)C)cc2C)nn1,1.21
Cc1csc(-c2sc(-c3cc(C)c(-c4cccs4)s3)c3sc(C(F)(F)C(F)(F)C(F)(F)C(F)(F)C(F)(F)C(F)(F)F)cc23)c1,2.4
CC(=O)c1cc2csc(-c3cc4c(s3)c(-c3ccc(C)s3)c3ccsc3c4-c3ccc(C)s3)c2s1,7.59
COc1ccc(-c2nc3c(-c4cccs4)ccc(-c4ccc(-c5ccc6c7ccccc7n(C)c6c5)s4)c3nc2-c2ccc(OC)cc2)cc1,4.0
CN1C(=O)C2=C(c3ccc(-c4ccco4)o3)N(C)C(=O)C2=C1c1ccco1,4.1
CC1(C)c2ccsc2-c2cc3c(cc21)-c1sc(-c2ccc(-c4nnc(-c5cccs5)nn4)s2)cc1C3(C)C,3.04
CN1C(=O)C2=C(c3ccc(-c4cc5ccccc5c5ccccc45)s3)N(C)C(=O)C2=C1c1ccc(-c2cc3ccccc3c3ccccc23)s1,0.69
CC1(C)c2ccsc2-c2sc(-c3ccc(-c4nc5sc(-c6cccs6)nc5s4)s3)cc21,2.23
COc1c2cc(-c3cc(C)c(-c4ccc(-c5sc(C=C6SC(=S)N(C)C6=O)cc5C)s4)s3)sc2c(OC)c2cc(-c3cc(C)c(-c4ccc(-c5sc(C=C6SC(=S)N(C)C6=O)cc5C)s4)s3)sc21,6.92
Cc1ccc(C2(c3ccc(C)cc3)c3ccsc3-c3cc4c(cc32)-c2sc(-c3ccc(-c5cccs5)s3)cc2C4(c2ccc(C)cc2)c2ccc(C)cc2)cc1,2.71
COC(=O)c1cc2csc(-c3cccs3)c2s1,1.0
c1csc(-c2cc(-c3cccs3)c(-c3cccs3)s2)c1,0.61
c1csc(-c2ccsc2-c2cccs2)c1,0.58
COC(=O)c1cc2csc(-c3cc4c(s3)c(C)c3ccsc3c4C)c2s1,5.8
Cc1ccc(-c2ccc(-c3ccc(C4=C5C(=O)N(C)C(c6ccc(-c7ccc(C8=S=C(C)C=C8)s7)s6)=C5C(=O)N4C)s3)s2)s1,3.0
Cn1c2ccccc2c2ccc(-c3ccc(-c4nnc(-c5cccs5)c5nonc54)s3)cc21,0.5
C=Cc1ccc2c3ccccc3n(-c3ccc(OC)cc3)c2c1,0.4
CN1c2ccccc2C(=C2c3ccc(-c4cc5c(s4)-c4sccc4[Si]5(C)C)cc3N(C)C2=O)C1=O,2.62
COc1c2ccsc2c(OC)c2cc(-c3sc(-c4ccc(-c5cc(C)cs5)c5nsnc54)cc3C)sc21,7.4
COc1c2ccsc2c(OC)c2cc(-c3scc4sc(S(C)(=O)=O)cc43)sc21,6.22
CC1(C)c2ccsc2-c2cc3c(cc21)-c1sc(-c2ccc(-c4nc5sc(-c6cccs6)nc5s4)s2)cc1C3(C)C,5.79
C#Cc1cc(OC)c(C#Cc2scc3nc(-c4ccccc4)c(-c4ccccc4)nc32)cc1OC,1.34
COC(=O)C(C#N)=Cc1cc(C)c(-c2cc(C)c(-c3ccc(-c4sc(-c5sc(-c6cc7c(s6)c(OC)c6cc(-c8cc(C)c(-c9cc(C)c(-c%10ccc(-c%11sc(-c%12sc(C=C(C#N)C(=O)OC)cc%12C)cc%11C)s%10)s9)s8)sc6c7OC)cc5C)cc4C)s3)s2)s1,5.13
Cc1nc(-c2nc(C)c(-c3ccc(-c4ccc(-c5ccc(N(c6ccccc6)c6ccccc6)cc5)s4)s3)s2)sc1-c1ccc(-c2ccc(-c3ccc(N(c4ccccc4)c4ccccc4)cc3)s2)s1,2.61
Cc1ccsc1-c1ccc(-c2ccc(-c3sccc3C)s2)s1,0.5
Cc1ccc(C2(c3ccc(C)cc3)c3ccsc3-c3cc4c(cc32)-c2sc(-c3cccs3)cc2C4(c2ccc(C)cc2)c2ccc(C)cc2)cc1,3.28
COC(=O)N1C(=O)C2=C(c3ccc(-c4ccc(C5=S=C(C)C=C5)s4)s3)N(C(=O)OC)C(=O)C2=C1c1ccc(-c2ccc(-c3ccc(C)s3)s2)s1,2.3
Cc1csc(-c2sc(-c3ccc(-c4cc(C)c(-c5cc(C)c(-c6ccc7c8cc9c(cc8n(C)c7c6)c6ccccc6n9C)s5)s4)c4nsnc43)cc2C)c1,3.6
COC(=O)c1cc2c(csc2-c2cc3c(s2)c(OC)c2ccsc2c3OC)s1,5.32
Cc1csc(-c2cc3c4nsnc4c(-c4cc(C)c(-c5cc6c(s5)c(-c5cc(C)c(C)s5)c5ccsc5c6C5=S=C(C)C(C)=C5)s4)cc3c3nsnc32)c1,6.0
Cc1ccsc1-c1cc(C)c(-c2ccc(-c3cc(C)c(C4=S=C(c5ccc6c7cc8c(cc7n(C)c6c5)c5ccccc5n8C)C(C)=C4)s3)c3nsnc32)s1,3.61
COC(=O)C(C#N)=Cc1cc(C)c(-c2cc(C)c(-c3cc(C)c(-c4cc5cc6sc(-c7sc(-c8sc(-c9sc(C=C(C#N)C(=O)OC)cc9C)cc8C)cc7C)cc6cc5s4)s3)s2)s1,5.44
Cc1cc(C=C2C(=O)N(C)C(=O)N(C)C2=O)sc1-c1cc(C)c(-c2cc(C)c(-c3ccc(-c4sc(-c5sc(C6=S=C(C=C7C(=O)N(C)C(=O)N(C)C7=O)C=C6C)cc5C)cc4C)s3)s2)s1,4.05
CC1(C)c2ccsc2-c2cc3c(cc21)-c1sc(-c2ccc(-c4ccc(-c5cccs5)c5nsnc54)s2)cc1C3(C)C,6.17
COc1ccc(N(c2ccc(OC)cc2)c2cccc(-n3c4ccccc4c4ccc(-c5ccc(-c6c7nsnc7c(-c7cccs7)c7nc(-c8ccccc8)c(-c8ccccc8)nc76)s5)cc43)c2)cc1,0.6
COC(=O)c1sc2csc(-c3sc4c(c3F)c(OC)c3scc(F)c3c4OC)c2c1F,2.7
COc1ccc2c(c1)-c1cc(OC)c(-c3ccc(-c4ccc(-c5cccs5)c5nsnc54)s3)cc1[Si]2(C)C,4.05
Cc1ccc(-c2c3cc(-c4cc5sc(C6=C7C(=O)N(C)C(c8cc9sccc9s8)=C7C(=O)N6C)cc5s4)sc3c(-c3ccc(C)s3)c3ccsc32)s1,6.18
Cc1cc2cc3c(C#C[Si](C)(C)C)c4cc5sc(C)cc5cc4c(C#C[Si](C)(C)C)c3cc2s1,1.0
COC(=O)c1sc2c(-c3ccc(-c4cc5c(s4)c(-c4ccc(OC)cc4)c4ccsc4c5-c4ccc(OC)cc4)s3)sc(-c3cccs3)c2c1F,7.5
CC1(C)c2ccccc2-c2cc3c(cc21)-c1cc2c(cc1C3(C)C)-c1ccc(-c3ccc(-c4ccc(-c5cccs5)c5nsnc54)s3)cc1C2(C)C,4.5
Cc1csc(-c2cc(C)c(-c3scc4c3C(=O)N(C)C4=O)s2)c1,5.0
Cc1c2cc(-c3ccc(-c4ccc(-c5cccs5)c5nn(C)nc54)s3)sc2c(C)c2ccsc21,4.3
Cc1ccc(-c2ccc(-c3c4cc(-c5cc(C)c(-c6ccc(-c7sc(C=C8SC(=S)N(C)C8=O)cc7C)s6)s5)sc4c(-c4ccc(-c5ccc(C)s5)s4)c4cc(-c5cc(C)c(-c6ccc(-c7sc(C=C8SC(=S)N(C)C8=O)cc7C)s6)s5)sc43)s2)s1,7.58
COC(=O)C(C#N)=Cc1cc(C)c(-c2ccc(-c3sc(-c4ccc5c6ccc(-c7cc(C)c(-c8ccc(-c9sc(C=C(C#N)C(=O)OC)cc9C)s8)s7)cc6n(C)c5c4)cc3C)s2)s1,3.63
Cn1c2ccccc2c2ccc(-c3ccc(-c4cnc(-c5cccs5)c5nsnc54)s3)cc21,0.7
COc1c2ccsc2c(OC)c2c1=S=C(c1ccc(-c3sc(-c4nc(C)c(-c5cccs5)s4)nc3C)s1)C=2,3.82
Cc1c2ccsc2c2sc(-c3ccc(C4=C5C(=O)N(C)C(c6cccs6)=C5C(=O)N4C)s3)cc2c1C,4.4
Cn1c2ccccc2c2ccccc21,0.6
COC(=O)c1sc2c(-c3ccc(-c4cc5c(s4)c(-c4cc(F)c(C)s4)c4ccsc4c5-c4cc(F)c(C)s4)s3)sc(-c3cccs3)c2c1F,8.6
CN1C(=O)C2=C(c3ccc(-c4ccc5c(c4)C(C)(C)c4ccccc4-5)s3)N(C)C(=O)C2=C1c1cccs1,0.9
c1csc(-c2ccc(-c3ccc(-c4c(-c5ccc(-c6cccs6)s5)sc(-c5ccc(-c6cccs6)s5)c4-c4ccc(-c5ccc(-c6cccs6)s5)s4)s3)s2)c1,0.8
Cc1cc(-c2cc3c4nsnc4c(-c4cc(C)c(-c5cccs5)s4)cc3c3nsnc32)sc1-c1cccs1,6.3
Cc1csc(-c2ccc(-c3cc(C)c(-c4cc5c(s4)c4sccc4c4cc(C)c(C)cc54)s3)c3nsnc32)c1,5.1
COc1c(OC)c(-c2cc3sc(-c4cc5c(s4)c(-c4ccc(C)s4)c4ccsc4c5-c4ccc(C)s4)cc3s2)c2nsnc2c1-c1cc2sccc2s1,6.3
CN1C(=O)c2csc(-c3cc4c(s3)-c3sccc3C4(C)C)c2C1=O,6.09
CC(=O)c1sc2csc(-c3cc4c(s3)c(C)c3ccsc3c4C)c2c1F,3.9
Cc1csc(-c2ccc(-c3cc(C)c(-c4cc5c(s4)c(C)c4ccsc4c5C)s3)c3nsnc32)c1,5.0
CN1C(=O)C2=C(c3cc4sccc4s3)N(C)C(=O)C2=C1c1cc2sccc2s1,3.0
COc1cccc(-c2nc3cccc(-c4cccs4)c3nc2-c2cccc(OC)c2)c1,5.8
Cn1c(-c2ccc(-c3cccc4nsnc43)s2)ccc1C1=S=CC=C1,1.0
C[Si](C)(C)C#Cc1c2ccccc2c2ccc3c(C#C[Si](C)(C)C)c4ccccc4c4ccc1c2c34,2.25
COc1c(OC)c(-c2ccc(-c3ccc4c5ccccc5n(C)c4c3)s2)c2nsnc2c1-c1cccs1,5.4
Cc1c2cc(-c3ccc(-c4c5nn(C)nc5c(-c5cccs5)c(F)c4F)s3)sc2c(C)c2ccsc21,6.81
Cc1nc(-c2nc(C)c(-c3ccc(N(c4ccccc4)c4ccccc4)cc3)s2)sc1-c1ccc(N(c2ccccc2)c2ccccc2)cc1,0.73
Cc1ccc(-c2csc(-c3cc(-c4ccc(C)s4)c(-c4ccc(C5=C6C(=O)N(C)C(c7cccs7)=C6C(=O)N5C)s4)s3)c2)s1,2.4
Cc1ccsc1,6.1
CN1C(=O)C2=C(c3ccc(-c4cc5c(s4)-c4sccc4C5(C)C)s3)N(C)C(=O)C2=C1c1cccs1,2.3
COc1ccc(-c2nc3c(-c4cccs4)ccc(-c4ccc(-c5cc6c7c8c(cccc8CCc7c5)n6C)s4)c3nc2-c2ccc(OC)cc2)cc1,6.07
Cc1ccsc1-c1nc2sc(-c3sc(-c4cc5c(s4)c(C#C[Si](C)(C)C)c4ccsc4c5C#C[Si](C)(C)C)cc3C)nc2s1,4.33
COc1c2ccsc2c(OC)c2cc(-c3sc(C4=S=Cc5ccccc54)c4ccccc43)sc21,0.07
Cn1c2ccccc2c2ccc(-c3ccc(-c4ccc(-c5cccs5)c5nonc54)s3)cc21,1.8
CN1C(=O)C2=C(c3ccc(-c4cccs4)s3)N(C)C(=O)C2=C1c1cccs1,4.7
C[Si]1(C)c2ccsc2-c2sc(-c3nc4sc(-c5cc6c(s5)-c5sc(-c7cc8sccc8s7)cc5[Si]6(C)C)nc4s3)cc21,0.97
COc1cccc(-c2nc3c(-c4cccs4)ccc(-c4ccc(-c5ccc6c(c5)C(C)(C)c5ccccc5-6)s4)c3nc2-c2cccc(OC)c2)c1,3.7
COC(=O)C(C#N)=Cc1cc(C)c(-c2ccc(-c3sc(-c4ccc5c(c4)C(C)(C)c4cc(-c6cc(C)c(-c7ccc(-c8sc(C=C(C#N)C(=O)OC)cc8C)s7)s6)ccc4-5)cc3C)s2)s1,2.38
CN1C(=O)C2=C(c3ccc(-c4ccc5ccccc5c4)s3)N(C)C(=O)C2=C1c1cccs1,4.7
CC1(C)c2cc(C=C(C#N)C#N)sc2-c2sc(C=C(C#N)C#N)cc21,0.0005
Cc1ccc(-c2c3sc4cc(-c5scc6cc(S(C)(=O)=O)sc65)sc4c3c(-c3ccc(C)s3)c3sc4ccsc4c32)s1,7.79
COc1cc2c3ccsc3c3sc(-c4sc(-c5ccc(-c6cc(C)cs6)c6nsnc65)cc4C)cc3c2cc1OC,5.27
CC1=CC(c2ccc(-c3cc(C)c(-c4cc5c(s4)c4sccc4c4nc(C)c(C)nc54)s3)c3nsnc32)=S=C1,4.3
CC1(C)Oc2cc(-c3c4nsnc4cc(F)c3F)sc2-c2sccc21,10.2
COc1c2ccsc2c(OC)c2cc(-c3cc(C)c(-c4nc5sc(-c6sccc6C)nc5s4)s3)sc21,2.72
C[Si]1(C)c2ccccc2-c2ccc(-c3ccc(-c4ccc(-c5cccs5)c5nsnc54)s3)cc21,5.4
Cc1ccc(C2(c3ccc(C)cc3)c3ccsc3-c3cc4c(cc32)-c2sc(-c3cncc5nc6c7ccsc7c7sccc7c6nc53)cc2C4(c2ccc(C)cc2)c2ccc(C)cc2)cc1,3.21
Cc1ccc(C2(c3ccc(C)cc3)c3ccsc3-c3cc4c(cc32)-c2sc(-c3ccc(-c5ccc(C6=C7C(=O)N(C)C(c8cccs8)=C7C(=O)N6C)s5)s3)cc2C4(c2ccc(C)cc2)c2ccc(C)cc2)cc1,4.2
Cc1nc2c(-c3cccs3)nnc(-c3ccc(-c4ccc5c6ccccc6n(C)c5c4)s3)c2nc1C,0.4
COc1ccc(N(c2ccc(OC)cc2)c2ccc(C3c4ccccc4-c4ccc(-c5ccc(-c6c7nsnc7c(-c7cccs7)c7nc(-c8ccccc8)c(-c8ccccc8)nc76)s5)cc43)cc2)cc1,0.6
CC1=CC(c2cc(C)c(-c3sc(-c4cc(C)c(-c5nc6scnc6s5)s4)cc3C)s2)=S=C1,2.7
Cc1ccc(C2(c3ccc(C)cc3)c3ccsc3-c3cc4c(cc32)-c2sc(-c3cccc5nsnc53)cc2C4(c2ccc(C)cc2)c2ccc(C)cc2)cc1,6.41
COc1c2sccc2c2cc(-c3ccc(-c4sc(-c5nc(C)c(-c6cccs6)s5)nc4C)s3)sc2c1OC,2.81
COc1c2cc(-c3cc(C=Cc4sc(-c5ccc(-c6cc(C)cs6)c6nsnc65)cc4C)cs3)sc2c(OC)c2ccsc21,4.32
Cn1c2ccccc2c2ccc(-c3ccc(-c4nnc(-c5cccs5)c5nccnc45)s3)cc21,0.1
COc1c2cc(-c3cccs3)sc2c(OC)c2ccsc21,1.59
COC(=O)c1cc2c(csc2-c2sc3c(c2F)c(OC)c2scc(F)c2c3OC)s1,3.2
COc1ccc(C=Cc2ccc(C=Cc3cc(OC)c(C=Cc4ccc(C=Cc5cc(OC)c(C=Cc6ccc(C=Cc7cc(OC)c(C=O)cc7OC)s6)cc5OC)s4)cc3OC)s2)cc1,0.81
COc1c2sc(-c3ccc(C4=C5C(=O)N(C)C(c6cccs6)=C5C(=O)N4C)s3)cc2cc2c1cc1cc(-c3ccc(C4=C5C(=O)N(C)C(c6cccs6)=C5C(=O)N4C)s3)sc1c2OC,4.06
CN1c2ccccc2Sc2cc(C=Cc3ccsc3-c3cccs3)ccc21,1.0
COCc1cc2csc(-c3cc4c(s3)c(OC)c3ccsc3c4OC)c2s1,6.58
COC(=O)C(C#N)=Cc1cc(C)c(-c2ccc(-c3sc(-c4cc5c(s4)-c4sc(-c6cc(C)c(-c7ccc(C8=S=C(C=C(C#N)C(=O)OC)C=C8C)s7)s6)cc4[Si]5(C)C)cc3C)s2)s1,5.84
Cc1ccc(-c2c3cc(-c4ccc(-c5sc(-c6cccs6)c6c5C(=O)c5c(C)sc(C)c5C6=O)s4)sc3c(-c3ccc(C)s3)c3ccsc32)s1,6.67
COc1c(OC)c(-c2ccc(-c3ccc4c(c3)[Si](C)(C)c3ccccc3-4)s2)c2nsnc2c1-c1cccs1,6.05
Cc1csc(-c2nnc(-c3cc(C)c(-c4cc5c(s4)-c4sccc4C5(C)C)s3)nn2)c1,5.53
Cc1ccc(C2(c3ccc(C)cc3)c3ccsc3-c3cc4c(cc32)-c2sc(-c3cccc5nc6c7ccsc7c7sccc7c6nc53)cc2C4(c2ccc(C)cc2)c2ccc(C)cc2)cc1,6.06
